{"name":"82036f55-4b61-4b85-b74f-bfec65947bab","id":"/providers/Microsoft.Flow/flows/82036f55-4b61-4b85-b74f-bfec65947bab","type":"Microsoft.Flow/flows","properties":{"apiId":"/providers/Microsoft.PowerApps/apis/shared_logicflows","displayName":"Send Proforma Invoice Template Email","definition":{"metadata":{"workflowEntityId":null,"processAdvisorMetadata":null,"flowChargedByPaygo":null,"flowclientsuspensionreason":"None","flowclientsuspensiontime":null,"flowclientsuspensionreasondetails":"","creator":{"id":"685f5490-c28d-494d-9c69-46c3b8b94cd0","type":"User","tenantId":"76af9f3c-be18-4aac-b5eb-26450fc20b74"},"provisioningMethod":"FromDefinition","failureAlertSubscription":true,"clientLastModifiedTime":"2023-09-22T09:20:22.9151136Z"},"$schema":"https://schema.management.azure.com/providers/Microsoft.Logic/schemas/2016-06-01/workflowdefinition.json#","contentVersion":"1.0.0.0","parameters":{"$connections":{"defaultValue":{},"type":"Object"},"$authentication":{"defaultValue":{},"type":"SecureObject"}},"triggers":{"manual":{"metadata":{"operationMetadataId":"f3415312-29c1-41c4-91d9-353c9738743a"},"type":"Request","kind":"PowerApp","inputs":{"schema":{"type":"object","properties":{"Searchforusers(V2)_Searchterm":{"type":"string","description":"Search string (applies to: display name, given name, surname, mail, mail nickname and user principal name).","x-ms-powerflows-param-ispartial":false}},"required":["Searchforusers(V2)_Searchterm"]}}}},"actions":{"Search_for_users_(V2)":{"runAfter":{},"metadata":{"operationMetadataId":"62a37a19-22cd-406a-b596-85088dd99b78"},"type":"OpenApiConnection","inputs":{"host":{"apiId":"/providers/Microsoft.PowerApps/apis/shared_office365users","connectionName":"shared_office365users","operationId":"SearchUserV2"},"parameters":{"searchTerm":"@triggerBody()['Searchforusers(V2)_Searchterm']","isSearchTermRequired":true},"authentication":{"value":"@json(decodeBase64(triggerOutputs().headers['X-MS-APIM-Tokens']))['$ConnectionKey']","type":"Raw"}}},"Apply_to_each":{"foreach":"@outputs('Search_for_users_(V2)')?['body/value']","actions":{"Send_an_email_(V2)":{"runAfter":{},"metadata":{"operationMetadataId":"f4de899b-2794-4ed0-9a3e-314e2c3e108a"},"type":"OpenApiConnection","inputs":{"host":{"apiId":"/providers/Microsoft.PowerApps/apis/shared_office365","connectionName":"shared_office365","operationId":"SendEmailV2"},"parameters":{"emailMessage/To":"@triggerBody()['Searchforusers(V2)_Searchterm']","emailMessage/Subject":"Proforma Invoice Template for Virtual Frontdesk Dispatch","emailMessage/Body":"<p>Dear @{items('Apply_to_each')?['DisplayName']},<br>\n<br>\nAs per requested, we have attached a copy of the proforma invoice for your convenience. Kindly fill in this form before making any dispatch to East Malaysia or overseas.<br>\n<br>\nIf you did not request for this form template. Kindly reach out to ITsupport@isuzu.net.my for assistance.<br>\n<br>\nThank you.<br>\n<br>\n<br>\n<span style=\"font-size: 11px\"><em>*This message is automatically generated. Do not reply to this message.</em></span></p>","emailMessage/Attachments":[{"Name":"Proforma_Invoice_Template.doc","ContentBytes":"@body('Get_file_content')"}],"emailMessage/Importance":"Normal"},"authentication":{"value":"@json(decodeBase64(triggerOutputs().headers['X-MS-APIM-Tokens']))['$ConnectionKey']","type":"Raw"}}}},"runAfter":{"Get_file_content":["Succeeded"]},"metadata":{"operationMetadataId":"434e33fe-35db-4a7d-a277-d741a5f4c46b"},"type":"Foreach"},"Get_file_content":{"runAfter":{"Search_for_users_(V2)":["Succeeded"]},"metadata":{"%252fShared%2bDocuments%252f2023%252fProforma%2bInvoice%2bTemplate%2b-%2b2023.doc":"/Shared Documents/2023/Proforma Invoice Template - 2023.doc","operationMetadataId":"af1220ca-b3a2-44e2-a1e3-6b570e5f2c62"},"type":"OpenApiConnection","inputs":{"host":{"apiId":"/providers/Microsoft.PowerApps/apis/shared_sharepointonline","connectionName":"shared_sharepointonline","operationId":"GetFileContent"},"parameters":{"dataset":"https://isuzumalaysia.sharepoint.com/sites/MISDEPT","id":"%252fShared%2bDocuments%252f2023%252fProforma%2bInvoice%2bTemplate%2b-%2b2023.doc","inferContentType":true},"authentication":{"value":"@json(decodeBase64(triggerOutputs().headers['X-MS-APIM-Tokens']))['$ConnectionKey']","type":"Raw"}}}}},"connectionReferences":{"shared_office365users":{"connectionName":"2b007ba1d2f44ef29fd2a5f2715fff4e","source":"Invoker","id":"/providers/Microsoft.PowerApps/apis/shared_office365users","tier":"NotSpecified","apiName":"office365users"},"shared_office365":{"connectionName":"815914ebe922424cbad3bb021031d182","source":"Invoker","id":"/providers/Microsoft.PowerApps/apis/shared_office365","tier":"NotSpecified","apiName":"office365"},"shared_sharepointonline":{"connectionName":"61518c9338344263b377d2755eaef460","source":"Invoker","id":"/providers/Microsoft.PowerApps/apis/shared_sharepointonline","tier":"NotSpecified","apiName":"sharepointonline"}},"flowFailureAlertSubscribed":false,"isManaged":false}}