{"schemaVersion":"1.0","appDefinitionTemplate":{"id":"/providers/Microsoft.PowerApps/apps/","type":"Microsoft.PowerApps/apps","tags":{"primaryDeviceWidth":"1366","primaryDeviceHeight":"768","supportsPortrait":"true","supportsLandscape":"true","primaryFormFactor":"Tablet","publisherVersion":"3.24051.23","minimumRequiredApiVersion":"2.2.0","hasComponent":"true","hasUnlockedComponent":"true","isUnifiedRootApp":"false","sienaVersion":"20240515T074043Z-3.24051.23.0","showStatusBar":"false","offlineLargeFilesSupport":"false"},"properties":{"appVersion":"2024-05-15T07:40:43Z","lifeCycleId":"Published","createdByClientVersion":{"major":3,"minor":24051,"build":23,"revision":0,"majorRevision":0,"minorRevision":0},"minClientVersion":{"major":3,"minor":24051,"build":23,"revision":0,"majorRevision":0,"minorRevision":0},"backgroundColor":"rgba(0, 121, 187, 1)","backgroundImageUri":"/8749196783751519/Nadd4b59b-f0bf-4c2e-930b-17b152e941de-logoSmallFile","displayName":"Virtual FrontDesk","description":"","commitMessage":"","appUris":{"documentUri":{"value":"/8749196783751519/N3f661940-b7e0-4431-bfcb-0e2c3f21e492-document.msapp"},"imageUris":[],"additionalUris":[{"isSolutionAware":false,"value":"/8749196783751519/N49bae2d1-15f4-41c1-9cc4-75f929e481e5-identity.json"}]},"createdTime":"0001-01-01T00:00:00Z","lastModifiedTime":"0001-01-01T00:00:00Z","sharedGroupsCount":0,"sharedUsersCount":0,"connectionReferences":{"4053bf1a-1493-490d-b497-e5bd26398663":{"id":"5ac53d82-a0ea-4372-bab5-e12451280213","displayName":"Office 365 Outlook","iconUri":"https://connectoricons-prod.azureedge.net/releases/v1.0.1686/1.0.1686.3695/office365/icon.png","dataSources":["Office365Outlook"],"dependencies":[],"dependents":["efee6230-e877-4e69-adfa-6e1ca045e21d"],"parameterHints":{},"parameterHintsV2":{},"isOnPremiseConnection":false,"bypassConsent":false,"dataSets":{},"apiTier":"Standard","isCustomApiConnection":false},"30bb7f32-11a8-4d4c-a305-529e163c4a9b":{"id":"c4e0f595-ac39-4d9c-acf3-362955991c3e","displayName":"Office 365 Users","iconUri":"https://connectoricons-prod.azureedge.net/releases/v1.0.1686/1.0.1686.3706/office365users/icon.png","dataSources":["Office365Users"],"dependencies":[],"dependents":["efee6230-e877-4e69-adfa-6e1ca045e21d"],"parameterHints":{},"parameterHintsV2":{},"isOnPremiseConnection":false,"bypassConsent":false,"dataSets":{},"apiTier":"Standard","isCustomApiConnection":false,"actions":["SearchUser"]},"650ab41d-f31a-4878-8d3c-5a071dc35706":{"id":"7c84cd4d-0a3d-495b-8774-81180005eaf0","displayName":"SharePoint","iconUri":"https://connectoricons-prod.azureedge.net/releases/v1.0.1685/1.0.1685.3700/sharepointonline/icon.png","dataSources":["Virtual Frontdesk - Guests","Virtual Frontdesk - Couriers","Virtual Frontdesk - Dispatchers","[Staging] Virtual Frontdesk - Couriers","[Staging] Virtual Frontdesk - Dispatchers"],"dependencies":[],"dependents":[],"parameterHints":{},"parameterHintsV2":{},"isOnPremiseConnection":false,"bypassConsent":false,"dataSets":{"https://isuzumalaysia.sharepoint.com/sites/MISDEPT":{"dataSources":{"Virtual Frontdesk - Guests":{"tableName":"596fba82-d70d-4214-ade3-3dd731aac180"},"Virtual Frontdesk - Couriers":{"tableName":"85ab99ed-1b82-41c0-83eb-9d7c051756fe"},"Virtual Frontdesk - Dispatchers":{"tableName":"aae20c86-767a-475f-957a-802c1ec8b2b9"},"[Staging] Virtual Frontdesk - Couriers":{"tableName":"f8d628cc-49ac-4616-8a23-c64a06fc5846"},"[Staging] Virtual Frontdesk - Dispatchers":{"tableName":"212e459a-da4a-4fe5-88bd-9ab32902c51c"}}}},"apiTier":"Standard","isCustomApiConnection":false,"actions":["providers/PowerPlatform.Governance/Operations/Read","providers/PowerPlatform.Governance/Operations/Write"]},"09b947dd-06f6-40fa-b073-7903ff3d22e7":{"id":"95387c72-a5e8-4b2e-9b9b-d9c24f4ea198","displayName":"Logic flows","iconUri":"https://connectoricons-prod.azureedge.net/u/patelronak/specialtrain-logicflows-2/1.0.1692.3734/logicflows/icon.png","dataSources":["NotifyuserusingemailviaTeams"],"dependencies":["89784647-a2c4-4e07-999a-9468c6482cbf"],"dependents":[],"parameterHints":{"workflowName":{"value":"4f8ff2b1-9d0c-4c54-ba06-8262c86c1f3d"},"workflowEntityId":{},"89784647-a2c4-4e07-999a-9468c6482cbf":{"value":"shared_teams"}},"parameterHintsV2":{"workflowName":{"value":"4f8ff2b1-9d0c-4c54-ba06-8262c86c1f3d"},"workflowEntityId":{},"shared_teams":{"value":"89784647-a2c4-4e07-999a-9468c6482cbf"}},"isOnPremiseConnection":false,"bypassConsent":false,"dataSets":{},"apiTier":"Standard","isCustomApiConnection":false,"actions":["Run"],"nestedActions":[{"id":"/providers/Microsoft.PowerApps/apis/shared_teams/apiOperations/PostMessageToConversation","apiName":"Microsoft Teams","actionName":"PostMessageToConversation","referencedResources":[]}]},"89784647-a2c4-4e07-999a-9468c6482cbf":{"id":"72e12d4c-d985-42b1-ad53-334f732ceffd","displayName":"Microsoft Teams","iconUri":"https://connectoricons-prod.azureedge.net/releases/v1.0.1690/1.0.1690.3719/teams/icon.png","dataSources":[],"dependencies":[],"dependents":["09b947dd-06f6-40fa-b073-7903ff3d22e7"],"parameterHints":{},"parameterHintsV2":{},"isOnPremiseConnection":false,"bypassConsent":false,"dataSets":{},"apiTier":"Standard","isCustomApiConnection":false},"7cba7553-3054-4f66-b1d9-c631e2646157":{"id":"5ac53d82-a0ea-4372-bab5-e12451280213","displayName":"Office 365 Outlook","iconUri":"https://connectoricons-prod.azureedge.net/releases/v1.0.1686/1.0.1686.3695/office365/icon.png","dataSources":["Office365Outlook_1"],"dependencies":[],"dependents":[],"parameterHints":{},"parameterHintsV2":{},"isOnPremiseConnection":false,"bypassConsent":false,"dataSets":{},"apiTier":"Standard","isCustomApiConnection":false},"efee6230-e877-4e69-adfa-6e1ca045e21d":{"id":"95387c72-a5e8-4b2e-9b9b-d9c24f4ea198","displayName":"Logic flows","iconUri":"https://connectoricons-prod.azureedge.net/u/patelronak/specialtrain-logicflows-2/1.0.1692.3734/logicflows/icon.png","dataSources":["SendProformaInvoiceTemplateEmail"],"dependencies":["30bb7f32-11a8-4d4c-a305-529e163c4a9b","4053bf1a-1493-490d-b497-e5bd26398663","c333d7f6-5efd-4fac-b32a-88ac2fdf9146"],"dependents":[],"parameterHints":{"workflowName":{"value":"93604e89-638c-499a-86c7-65b8c0740b83"},"workflowEntityId":{},"30bb7f32-11a8-4d4c-a305-529e163c4a9b":{"value":"shared_office365users"},"4053bf1a-1493-490d-b497-e5bd26398663":{"value":"shared_office365"},"c333d7f6-5efd-4fac-b32a-88ac2fdf9146":{"value":"shared_sharepointonline"}},"parameterHintsV2":{"workflowName":{"value":"93604e89-638c-499a-86c7-65b8c0740b83"},"workflowEntityId":{},"shared_office365users":{"value":"30bb7f32-11a8-4d4c-a305-529e163c4a9b"},"shared_office365":{"value":"4053bf1a-1493-490d-b497-e5bd26398663"},"shared_sharepointonline":{"value":"c333d7f6-5efd-4fac-b32a-88ac2fdf9146"}},"isOnPremiseConnection":false,"bypassConsent":false,"dataSets":{},"apiTier":"Standard","isCustomApiConnection":false,"actions":["Run"],"nestedActions":[{"id":"/providers/Microsoft.PowerApps/apis/shared_office365users/apiOperations/SearchUserV2","apiName":"Office 365 Users","actionName":"SearchUserV2","referencedResources":[]},{"id":"/providers/Microsoft.PowerApps/apis/shared_sharepointonline/apiOperations/GetFileContent","apiName":"SharePoint","actionName":"GetFileContent","referencedResources":[{"key":"site","value":"https://isuzumalaysia.sharepoint.com/sites/MISDEPT"}]},{"id":"/providers/Microsoft.PowerApps/apis/shared_office365/apiOperations/SendEmailV2","apiName":"Office 365 Outlook","actionName":"SendEmailV2","referencedResources":[]}]},"c333d7f6-5efd-4fac-b32a-88ac2fdf9146":{"id":"7c84cd4d-0a3d-495b-8774-81180005eaf0","displayName":"SharePoint","iconUri":"https://connectoricons-prod.azureedge.net/releases/v1.0.1685/1.0.1685.3700/sharepointonline/icon.png","dataSources":[],"dependencies":[],"dependents":["efee6230-e877-4e69-adfa-6e1ca045e21d"],"parameterHints":{},"parameterHintsV2":{},"isOnPremiseConnection":false,"bypassConsent":false,"dataSets":{},"apiTier":"Standard","isCustomApiConnection":false}},"databaseReferences":{},"almMode":"Environment","performanceOptimizationEnabled":true,"canConsumeAppPass":true,"enableModernRuntimeMode":false,"executionRestrictions":{"isTeamsOnly":false,"dataLossPreventionEvaluationResult":{"status":"Compliant","lastEvaluationDate":"2024-05-15T07:40:49.28116Z","violations":[],"violationsByPolicy":[],"violationErrorMessage":"The app uses the following connectors: shared_office365, shared_office365users, shared_sharepointonline, shared_logicflows, shared_teams."},"httpActionRestriction":{"appUsesSharepointHttpAction":false,"enforcementStrategy":"Legacy","evaluationTime":"2024-05-15T07:40:49.2810205Z"}}},"appType":"ClassicCanvasApp","appComponents":[]}}