{"name":"b0fdaaaf-1359-4d30-bb16-9c2eba3c249f","id":"/providers/Microsoft.Flow/flows/b0fdaaaf-1359-4d30-bb16-9c2eba3c249f","type":"Microsoft.Flow/flows","properties":{"apiId":"/providers/Microsoft.PowerApps/apis/shared_logicflows","displayName":"Notify user using email via Teams","definition":{"metadata":{"workflowEntityId":null,"processAdvisorMetadata":null,"flowChargedByPaygo":null,"flowclientsuspensionreason":"None","flowclientsuspensiontime":null,"flowclientsuspensionreasondetails":null,"creator":{"id":"685f5490-c28d-494d-9c69-46c3b8b94cd0","type":"User","tenantId":"76af9f3c-be18-4aac-b5eb-26450fc20b74"},"provisioningMethod":"FromDefinition","failureAlertSubscription":true,"clientLastModifiedTime":"2023-06-13T01:02:42.8289801Z"},"$schema":"https://schema.management.azure.com/providers/Microsoft.Logic/schemas/2016-06-01/workflowdefinition.json#","contentVersion":"1.0.0.0","parameters":{"$connections":{"defaultValue":{},"type":"Object"},"$authentication":{"defaultValue":{},"type":"SecureObject"}},"triggers":{"manual":{"metadata":{"operationMetadataId":"280f6b6e-9c93-4feb-a4db-184c38d76e89"},"type":"Request","kind":"PowerApp","inputs":{"schema":{"type":"object","properties":{"Postmessageinachatorchannel_Recipient":{"type":"string","description":"Enter a name or email address. This parameter is used as part of \"E1E29856-DFAF-4EBB-BA00-5D2BD434D1CA\"","x-ms-powerflows-param-ispartial":true}},"required":["Postmessageinachatorchannel_Recipient"]}}}},"actions":{"Post_message_in_a_chat_or_channel":{"runAfter":{},"metadata":{"operationMetadataId":"a760bc00-11c3-47c1-b7fb-c92afce4152a"},"type":"OpenApiConnection","inputs":{"host":{"apiId":"/providers/Microsoft.PowerApps/apis/shared_teams","connectionName":"shared_teams","operationId":"PostMessageToConversation"},"parameters":{"poster":"Flow bot","location":"Chat with Flow bot","body/recipient":"@{triggerBody()['Postmessageinachatorchannel_Recipient']};","body/messageBody":"<p>Hello. You have a visitor looking for you at the front lobby.</p>","body/isAlert":true},"authentication":{"value":"@json(decodeBase64(triggerOutputs().headers['X-MS-APIM-Tokens']))['$ConnectionKey']","type":"Raw"}}}}},"connectionReferences":{"shared_teams":{"connectionName":"shared-teams-0538f560-76f6-43e8-9d3f-59db5e471ac0","source":"Invoker","id":"/providers/Microsoft.PowerApps/apis/shared_teams","tier":"NotSpecified","apiName":"teams"}},"flowFailureAlertSubscribed":false,"isManaged":false}}