{"name":"236dc827-5dc3-4934-b0ca-e1de1d4df076","id":"/providers/Microsoft.Flow/flows/236dc827-5dc3-4934-b0ca-e1de1d4df076","type":"Microsoft.Flow/flows","properties":{"apiId":"/providers/Microsoft.PowerApps/apis/shared_logicflows","displayName":"Generate dispatch report","definition":{"metadata":{"workflowEntityId":null,"processAdvisorMetadata":null,"flowChargedByPaygo":null,"flowclientsuspensionreason":"None","flowclientsuspensiontime":null,"flowclientsuspensionreasondetails":null,"creator":{"id":"685f5490-c28d-494d-9c69-46c3b8b94cd0","type":"User","tenantId":"76af9f3c-be18-4aac-b5eb-26450fc20b74"},"provisioningMethod":"FromDefinition","failureAlertSubscription":true,"clientLastModifiedTime":"2025-02-03T02:55:03.8773279Z","connectionKeySavedTimeKey":"2025-02-03T02:55:03.8773279Z"},"$schema":"https://schema.management.azure.com/providers/Microsoft.Logic/schemas/2016-06-01/workflowdefinition.json#","contentVersion":"1.0.0.0","parameters":{"$connections":{"defaultValue":{},"type":"Object"},"$authentication":{"defaultValue":{},"type":"SecureObject"}},"triggers":{"Recurrence":{"recurrence":{"frequency":"Month","interval":1,"timeZone":"Singapore Standard Time","startTime":"2025-01-01T18:50:00Z"},"metadata":{"operationMetadataId":"df310745-3aec-427b-b26e-a6a2a0e57e33"},"type":"Recurrence"}},"actions":{"Get_items_-_Dispatch_sharepoint_list":{"runAfter":{"Compose_-_EndOfMonth":["Succeeded"]},"metadata":{"operationMetadataId":"2ba74698-ae47-4b09-a9e7-30c4992ed416"},"type":"OpenApiConnection","inputs":{"host":{"apiId":"/providers/Microsoft.PowerApps/apis/shared_sharepointonline","connectionName":"shared_sharepointonline","operationId":"GetItems"},"parameters":{"dataset":"https://isuzumalaysia.sharepoint.com/sites/MISDEPT","table":"aae20c86-767a-475f-957a-802c1ec8b2b9","$filter":"SubmissionDate ge '@{outputs('Compose_-_StartOfMonth')}' and SubmissionDate le '@{outputs('Compose_-_EndOfMonth')}'"},"authentication":"@parameters('$authentication')"}},"Compose_-_StartOfMonth":{"runAfter":{},"metadata":{"operationMetadataId":"4163e4d2-f443-426f-8c22-5a9131b81bc6"},"type":"Compose","inputs":"@startOfMonth(getPastTime(1,'MONTH'), 'yyyy-MM-dd')"},"Compose_-_EndOfMonth":{"runAfter":{"Compose_-_StartOfMonth":["Succeeded"]},"metadata":{"operationMetadataId":"90e0446e-33ca-48c0-bdad-2a7c5ddb25b3"},"type":"Compose","inputs":"@addDays(startOfMonth(utcNow()),-1,'yyyy-MM-dd')"},"Select":{"runAfter":{"Get_items_-_Dispatch_sharepoint_list":["Succeeded"]},"metadata":{"operationMetadataId":"d43e2da8-a3e7-4e70-ba7e-426b349d37c7"},"type":"Select","inputs":{"from":"@outputs('Get_items_-_Dispatch_sharepoint_list')?['body/value']","select":{"ID":"@item()?['ID']","Account No.":"@item()?['AccountNumber/Value']","CN No.":"@item()?['Title']","Courier":"'City-Link'","Item type":"@item()?['ItemType/Value']","Late pickup":"@item()?['Latepickup']","Sender":"@item()?['Sender']","Receiver":"@item()?['Receiver']","Region":"@item()?['Region/Value']","Location":"@item()?['Location']","Remarks":"@item()?['Remarks']","Dispatch date":"@item()?['Date']","Submission date":"@item()?['SubmissionDate']"}}},"Create_CSV_table":{"runAfter":{"Select":["Succeeded"]},"metadata":{"operationMetadataId":"7d7ebf85-daf7-4ebe-a6a6-cb7d32e413bd"},"type":"Table","inputs":{"from":"@body('Select')","format":"CSV"}},"Create_file":{"runAfter":{"Create_CSV_table":["Succeeded"]},"metadata":{"operationMetadataId":"e1481249-de3f-4a08-8520-cdbb2be4df0b"},"type":"OpenApiConnection","inputs":{"host":{"apiId":"/providers/Microsoft.PowerApps/apis/shared_sharepointonline","connectionName":"shared_sharepointonline","operationId":"CreateFile"},"parameters":{"dataset":"https://isuzumalaysia.sharepoint.com/sites/MISDEPT","folderPath":"/Shared Documents/2023/Exported Dispatch List","name":"DispatchReport_@{formatDateTime(utcNow(), 'yyyy-MM-dd')}.csv","body":"@body('Create_CSV_table')"},"authentication":"@parameters('$authentication')"}},"Send_an_email_(V2)":{"runAfter":{"Get_file_content_using_path":["Succeeded"]},"metadata":{"operationMetadataId":"b4f30d61-2230-419a-af4f-562990705aac"},"type":"OpenApiConnection","inputs":{"host":{"apiId":"/providers/Microsoft.PowerApps/apis/shared_office365","connectionName":"shared_office365","operationId":"SendEmailV2"},"parameters":{"emailMessage/To":"nurarina.mohamad@isuzu.net.my","emailMessage/Subject":"Monthly Dispatch CityLink Report as of @{outputs('Compose_-_EndOfMonth')}","emailMessage/Body":"<p><span style=\"font-size: 11px\">Hi Arina,<br>\nAttached is a dispatch report for the previous month for all CityLink accounts.<br>\nIf you're experiencing issues accessing the report, do reach out to IT support at ITsupport@isuzu.net.my.<br>\nCheers.<br>\n<br>\n</span><span style=\"font-size: 9px\"><em>*This message is automatically generated. Do not reply to this message.</em></span><span style=\"font-size: 11px\"><br>\n</span></p>","emailMessage/Cc":"grace.lau@isuzu.net.my;syafawani@isuzu.net.my","emailMessage/Attachments":[{"Name":"Dispatch report.csv","ContentBytes":"@body('Get_file_content_using_path')"}]},"authentication":"@parameters('$authentication')"}},"Get_file_content_using_path":{"runAfter":{"Create_file":["Succeeded"]},"metadata":{"operationMetadataId":"c6233102-a092-48e0-9772-c6b2abdf8b6b"},"type":"OpenApiConnection","inputs":{"host":{"apiId":"/providers/Microsoft.PowerApps/apis/shared_sharepointonline","connectionName":"shared_sharepointonline","operationId":"GetFileContentByPath"},"parameters":{"dataset":"https://isuzumalaysia.sharepoint.com/sites/MISDEPT","path":"@outputs('Create_file')?['body/Path']","inferContentType":true},"authentication":"@parameters('$authentication')"}}}},"connectionReferences":{"shared_sharepointonline":{"connectionName":"61518c9338344263b377d2755eaef460","source":"Embedded","id":"/providers/Microsoft.PowerApps/apis/shared_sharepointonline","tier":"NotSpecified","apiName":"sharepointonline"},"shared_office365":{"connectionName":"a1fdb6f52f7647c5845e3b32ffcf4708","source":"Embedded","id":"/providers/Microsoft.PowerApps/apis/shared_office365","tier":"NotSpecified","apiName":"office365"}},"flowFailureAlertSubscribed":false,"isManaged":false}}